renv 1.1.5 was loaded from project library, but this project is configured to use renv 1.1.4.
- Use `]8;;x-r-run:renv::record("renv@1.1.5")renv::record("renv@1.1.5")]8;;` to record renv 1.1.5 in the lockfile.
- Use `]8;;x-r-run:renv::restore(packages = "renv")renv::restore(packages = "renv")]8;;` to install renv 1.1.4 into the project library.
- The project is out-of-sync -- use `]8;;x-r-run:renv::status()renv::status()]8;;` for details.
time,id,parent_id,name,rss,vms,pfaults,pageins 
0.082603931427002,23549,10403,R,2133458944,422493847552,131882,4 
0.121611833572388,23549,10403,R,2133458944,422493847552,131882,4 
0.163035869598389,23549,10403,R,2133458944,422493847552,131882,4 
0.206255912780762,23549,10403,R,2133458944,422493847552,131882,4 
0.266265869140625,23549,10403,R,2133458944,422493847552,131882,4 
0.308172941207886,23549,10403,R,2133458944,422493847552,131882,4 
0.348794937133789,23549,10403,R,2133458944,422493847552,131882,4 
0.390735864639282,23549,10403,R,2133458944,422493847552,131882,4 
0.432350873947144,23549,10403,R,2133458944,422493847552,131882,4 
0.473505973815918,23549,10403,R,2133458944,422493847552,131882,4 
0.514589786529541,23549,10403,R,2133458944,422493847552,131882,4 
0.555398941040039,23549,10403,R,2133458944,422493847552,131882,4 
0.598564863204956,23549,10403,R,2133458944,422493847552,131882,4 
0.638751983642578,23549,10403,R,2135244800,422628065280,132044,4 
0.679672002792358,23549,10403,R,2135244800,422628065280,132044,4 
0.720524787902832,23549,10403,R,2135244800,422628065280,132044,4 
0.761157989501953,23549,10403,R,2135244800,422628065280,132044,4 
0.802201986312866,23549,10403,R,2135244800,422628065280,132044,4 
0.839607954025269,23549,10403,R,2135244800,422628065280,132044,4 
0.882932901382446,23549,10403,R,2135244800,422628065280,132044,4 
0.920073986053467,23549,10403,R,2135244800,422628065280,132044,4 
0.963961839675903,23549,10403,R,2135244800,422628065280,132044,4 
1.00218081474304,23549,10403,R,2135244800,422628065280,132044,4 
1.03805494308472,23549,10403,R,2135244800,422628065280,132044,4 
1.08257079124451,23549,10403,R,2135244800,422628065280,132044,4 
1.12208485603333,23549,10403,R,2135244800,422628065280,132044,4 
1.16326785087585,23549,10403,R,2135244800,422628065280,132044,4 
1.20375800132751,23549,10403,R,2135244800,422628065280,132044,4 
1.25539183616638,23549,10403,R,2135244800,422628065280,132044,4 
1.29485583305359,23549,10403,R,2135244800,422628065280,132044,4 
1.33709192276001,23549,10403,R,2135244800,422628065280,132044,4 
1.37601685523987,23549,10403,R,2135244800,422628065280,132044,4 
1.41681385040283,23549,10403,R,2135244800,422628065280,132044,4 
1.46071696281433,23549,10403,R,2135244800,422628065280,132044,4 
1.50167989730835,23549,10403,R,2135244800,422628065280,132044,4 
1.54540181159973,23549,10403,R,2135244800,422628065280,132044,4 
1.58692598342896,23549,10403,R,2135244800,422628065280,132044,4 
1.63006186485291,23549,10403,R,2135244800,422628065280,132044,4 
1.67158198356628,23549,10403,R,2135244800,422628065280,132044,4 
1.70913982391357,23549,10403,R,2135244800,422628065280,132044,4 
1.75337386131287,23549,10403,R,2135244800,422628065280,132044,4 
1.79531288146973,23549,10403,R,2135244800,422628065280,132044,4 
1.83372187614441,23549,10403,R,2135244800,422628065280,132044,4 
1.87092280387878,23549,10403,R,2135244800,422628065280,132044,4 
1.91228580474854,23549,10403,R,2136653824,422762283008,132140,4 
1.95197081565857,23549,10403,R,2136686592,422762283008,132142,4 
1.99417090415955,23549,10403,R,2136686592,422762283008,132142,4 
2.0331859588623,23549,10403,R,2136686592,422762283008,132142,4 
2.07564783096313,23549,10403,R,2136686592,422762283008,132142,4 
2.11564087867737,23549,10403,R,2136686592,422762283008,132142,4 
2.15945601463318,23549,10403,R,2136686592,422762283008,132142,4 
2.20137596130371,23549,10403,R,2136686592,422762283008,132142,4 
2.24415993690491,23549,10403,R,2136686592,422762283008,132142,4 
2.28200888633728,23549,10403,R,2136686592,422762283008,132142,4 
2.32830882072449,23549,10403,R,2136686592,422762283008,132142,4 
2.36738991737366,23549,10403,R,2136686592,422762283008,132142,4 
2.40990400314331,23549,10403,R,2136686592,422762283008,132142,4 
2.44833493232727,23549,10403,R,2136686592,422762283008,132142,4 
2.489501953125,23549,10403,R,2136686592,422762283008,132142,4 
2.526850938797,23549,10403,R,2136686592,422762283008,132142,4 
2.56742382049561,23549,10403,R,2136686592,422762283008,132142,4 
2.60823893547058,23549,10403,R,2136686592,422762283008,132142,4 
2.64684081077576,23549,10403,R,2136686592,422762283008,132142,4 
2.6876540184021,23549,10403,R,2136686592,422762283008,132142,4 
2.72581791877747,23549,10403,R,2136686592,422762283008,132142,4 
2.76690483093262,23549,10403,R,2136686592,422762283008,132142,4 
2.8050479888916,23549,10403,R,2136686592,422762283008,132142,4 
2.84616494178772,23549,10403,R,2136686592,422762283008,132142,4 
2.88713383674622,23549,10403,R,2136686592,422762283008,132142,4 
2.92534399032593,23549,10403,R,2136686592,422762283008,132142,4 
2.978022813797,23549,10403,R,2136686592,422762283008,132142,4 
3.01742792129517,23549,10403,R,2136686592,422762283008,132142,4 
3.05779600143433,23549,10403,R,2136686592,422762283008,132142,4 
3.09625887870789,23549,10403,R,2136686592,422762283008,132142,4 
3.13733386993408,23549,10403,R,2136686592,422762283008,132142,4 
3.17569184303284,23549,10403,R,2136686592,422762283008,132142,4 
3.21701383590698,23549,10403,R,2136686592,422762283008,132142,4 
3.25617694854736,23549,10403,R,2136686592,422762283008,132142,4 
3.29703593254089,23549,10403,R,2136686592,422762283008,132142,4 
3.33658599853516,23549,10403,R,2136686592,422762283008,132142,4 
3.37579989433289,23549,10403,R,2138472448,422896500736,132251,4 
3.41718697547913,23549,10403,R,2138472448,422896500736,132251,4 
3.45562982559204,23549,10403,R,2138472448,422896500736,132251,4 
3.49667096138,23549,10403,R,2138472448,422896500736,132251,4 
3.53501391410828,23549,10403,R,2138472448,422896500736,132251,4 
3.5751588344574,23549,10403,R,2138472448,422896500736,132251,4 
3.61379981040955,23549,10403,R,2138472448,422896500736,132251,4 
3.65580582618713,23549,10403,R,2138472448,422896500736,132251,4 
3.69744992256165,23549,10403,R,2138472448,422896500736,132251,4 
3.73608684539795,23549,10403,R,2138472448,422896500736,132251,4 
3.77806496620178,23549,10403,R,2138472448,422896500736,132251,4 
3.81835198402405,23549,10403,R,2138472448,422896500736,132251,4 
3.85730481147766,23549,10403,R,2138472448,422896500736,132251,4 
3.89888596534729,23549,10403,R,2138472448,422896500736,132251,4 
3.93721079826355,23549,10403,R,2138472448,422896500736,132251,4 
3.97901892662048,23549,10403,R,2138472448,422896500736,132251,4 
4.02064990997314,23549,10403,R,2138472448,422896500736,132251,4 
4.05869197845459,23549,10403,R,2138472448,422896500736,132251,4 
4.10032892227173,23549,10403,R,2138472448,422896500736,132251,4 
4.15040397644043,23549,10403,R,2138472448,422896500736,132251,4 
4.18917298316956,23549,10403,R,2138472448,422896500736,132251,4 
4.23242378234863,23549,10403,R,2138472448,422896500736,132251,4 
4.27573895454407,23549,10403,R,2138472448,422896500736,132251,4 
4.31725978851318,23549,10403,R,2138472448,422896500736,132251,4 
4.3552348613739,23549,10403,R,2138472448,422896500736,132251,4 
4.40975093841553,23549,10403,R,2138472448,422896500736,132251,4 
4.45075678825378,23549,10403,R,2138472448,422896500736,132251,4 
4.48985695838928,23549,10403,R,2138472448,422896500736,132251,4 
4.53128600120544,23549,10403,R,2138472448,422896500736,132251,4 
4.57117199897766,23549,10403,R,2138472448,422896500736,132251,4 
4.61004281044006,23549,10403,R,2139471872,422905937920,132312,4 
4.65308094024658,23549,10403,R,2139471872,422905937920,132312,4 
4.69366884231567,23549,10403,R,2139471872,422905937920,132312,4 
4.73311996459961,23549,10403,R,2139471872,422905937920,132312,4 
4.7751100063324,23549,10403,R,2139471872,422905937920,132312,4 
4.8162829875946,23549,10403,R,2139471872,422905937920,132312,4 
4.85470199584961,23549,10403,R,2139471872,422905937920,132312,4 
4.8972339630127,23549,10403,R,2139471872,422905937920,132312,4 
4.94026279449463,23549,10403,R,2139471872,422905937920,132312,4 
4.98141288757324,23549,10403,R,2139471872,422905937920,132312,4 
5.02092885971069,23549,10403,R,2139471872,422905937920,132312,4 
5.0632688999176,23549,10403,R,2139471872,422905937920,132312,4 
5.10415482521057,23549,10403,R,2139471872,422905937920,132312,4 
5.1459219455719,23549,10403,R,2139471872,422905937920,132312,4 
5.18488597869873,23549,10403,R,2139471872,422905937920,132312,4 
5.2278208732605,23549,10403,R,2139471872,422905937920,132312,4 
5.2704119682312,23549,10403,R,2139471872,422905937920,132312,4 
5.31800699234009,23549,10403,R,2139471872,422905937920,132312,4 
5.36253881454468,23549,10403,R,2139471872,422905937920,132312,4 
5.40664100646973,23549,10403,R,2139471872,422905937920,132312,4 
5.45071196556091,23549,10403,R,2139471872,422905937920,132312,4 
5.49363684654236,23549,10403,R,2139471872,422905937920,132312,4 
5.53453683853149,23549,10403,R,2139471872,422905937920,132312,4 
5.61600279808044,23549,10403,R,2139471872,422905937920,132312,4 
5.65453791618347,23549,10403,R,2139471872,422905937920,132312,4 
5.69364500045776,23549,10403,R,2139471872,422905937920,132312,4 
5.73135900497437,23549,10403,R,2139471872,422905937920,132312,4 
5.77043080329895,23549,10403,R,2139471872,422905937920,132312,4 
5.80807280540466,23549,10403,R,2139471872,422905937920,132312,4 
5.84694886207581,23549,10403,R,2139471872,422905937920,132312,4 
5.88392496109009,23549,10403,R,2139471872,422905937920,132312,4 
5.9227888584137,23549,10403,R,2139471872,422905937920,132312,4 
5.96039485931396,23549,10403,R,2139471872,422905937920,132312,4 
5.99934482574463,23549,10403,R,2139471872,422905937920,132312,4 
6.0374059677124,23549,10403,R,2139471872,422905937920,132312,4 
6.07691287994385,23549,10403,R,2141257728,423040155648,132421,4 
6.11351180076599,23549,10403,R,2141257728,423040155648,132421,4 
6.15278601646423,23549,10403,R,2141257728,423040155648,132421,4 
6.19053483009338,23549,10403,R,2141257728,423040155648,132421,4 
6.22956395149231,23549,10403,R,2141257728,423040155648,132421,4 
6.26805996894836,23549,10403,R,2141257728,423040155648,132421,4 
6.30917191505432,23549,10403,R,2141257728,423040155648,132421,4 
6.34719681739807,23549,10403,R,2141257728,423040155648,132421,4 
6.38721394538879,23549,10403,R,2141257728,423040155648,132421,4 
6.42553091049194,23549,10403,R,2141257728,423040155648,132421,4 
6.46635389328003,23549,10403,R,2141257728,423040155648,132421,4 
6.50482797622681,23549,10403,R,2141257728,423040155648,132421,4 
6.54434895515442,23549,10403,R,2141257728,423040155648,132421,4 
6.5816478729248,23549,10403,R,2141257728,423040155648,132421,4 
6.6213698387146,23549,10403,R,2141257728,423040155648,132421,4 
6.66136884689331,23549,10403,R,2141257728,423040155648,132421,4 
6.70028686523438,23549,10403,R,2141257728,423040155648,132421,4 
6.74337291717529,23549,10403,R,2141257728,423040155648,132421,4 
6.78176379203796,23549,10403,R,2141257728,423040155648,132421,4 
6.82336282730103,23549,10403,R,2141257728,423040155648,132421,4 
6.86360096931458,23549,10403,R,2141257728,423040155648,132421,4 
6.90149688720703,23549,10403,R,2141257728,423040155648,132421,4 
6.94134593009949,23549,10403,R,2141257728,423040155648,132421,4 
6.98145890235901,23549,10403,R,2141257728,423040155648,132421,4 
7.01941680908203,23549,10403,R,2141257728,423040155648,132421,4 
7.05951499938965,23549,10403,R,2141257728,423040155648,132421,4 
7.10850095748901,23549,10403,R,2141257728,423040155648,132421,4 
7.14782691001892,23549,10403,R,2141257728,423040155648,132421,4 
7.18841886520386,23549,10403,R,2141257728,423040155648,132421,4 
7.22639489173889,23549,10403,R,2141257728,423040155648,132421,4 
7.26680779457092,23549,10403,R,2141257728,423040155648,132421,4 
7.30554580688477,23549,10403,R,2142224384,423048544256,132480,4 
7.34654688835144,23549,10403,R,2142224384,423048544256,132480,4 
7.3840069770813,23549,10403,R,2142224384,423048544256,132480,4 
7.42421579360962,23549,10403,R,2142224384,423048544256,132480,4 
7.46425890922546,23549,10403,R,2142224384,423048544256,132480,4 
7.50227999687195,23549,10403,R,2142224384,423048544256,132480,4 
7.54289484024048,23549,10403,R,2142224384,423048544256,132480,4 
7.58073687553406,23549,10403,R,2142224384,423048544256,132480,4 
7.62092590332031,23549,10403,R,2142224384,423048544256,132480,4 
7.66190695762634,23549,10403,R,2142224384,423048544256,132480,4 
7.70078897476196,23549,10403,R,2142224384,423048544256,132480,4 
7.74165081977844,23549,10403,R,2142224384,423048544256,132480,4 
7.78214001655579,23549,10403,R,2142224384,423048544256,132480,4 
7.82046985626221,23549,10403,R,2142224384,423048544256,132480,4 
7.86139583587646,23549,10403,R,2142224384,423048544256,132480,4 
7.90195679664612,23549,10403,R,2142224384,423048544256,132480,4 
7.93786787986755,23549,10403,R,2142224384,423048544256,132480,4 
7.97674584388733,23549,10403,R,2142224384,423048544256,132480,4 
8.02142095565796,23549,10403,R,2142224384,423048544256,132480,4 
8.05781579017639,23549,10403,R,2142224384,423048544256,132480,4 
8.09960985183716,23549,10403,R,2142224384,423048544256,132480,4 
8.14258193969727,23549,10403,R,2142224384,423048544256,132480,4 
8.18423295021057,23549,10403,R,2142224384,423048544256,132480,4 
8.22323679924011,23549,10403,R,2142224384,423048544256,132480,4 
8.26599979400635,23549,10403,R,2142224384,423048544256,132480,4 
8.30778980255127,23549,10403,R,2142224384,423048544256,132480,4 
8.34716892242432,23549,10403,R,2142224384,423048544256,132480,4 
8.39770889282227,23549,10403,R,2142224384,423048544256,132480,4 
8.43503379821777,23549,10403,R,2142224384,423048544256,132480,4 
8.47607779502869,23549,10403,R,2142224384,423048544256,132480,4 
8.51841378211975,23549,10403,R,2142224384,423048544256,132480,4 
8.55712389945984,23549,10403,R,2142224384,423048544256,132480,4 
8.59946084022522,23549,10403,R,2142224384,423048544256,132480,4 
8.64106178283691,23549,10403,R,2142224384,423048544256,132480,4 
8.68350601196289,23549,10403,R,2142224384,423048544256,132480,4 
8.72247290611267,23549,10403,R,2142240768,423048544256,132481,4 
8.76148796081543,23549,10403,R,2142240768,423048544256,132481,4 
8.80115079879761,23549,10403,R,2142240768,423048544256,132481,4 
8.84103298187256,23549,10403,R,2142240768,423048544256,132481,4 
8.87972187995911,23549,10403,R,2142240768,423048544256,132481,4 
8.91998887062073,23549,10403,R,2142240768,423048544256,132481,4 
8.96245694160461,23549,10403,R,2142240768,423048544256,132481,4 
9.00474095344543,23549,10403,R,2142240768,423048544256,132481,4 
9.04524397850037,23549,10403,R,2142240768,423048544256,132481,4 
9.08691382408142,23549,10403,R,2142240768,423048544256,132481,4 
9.13730192184448,23549,10403,R,2142240768,423048544256,132481,4 
9.17613291740417,23549,10403,R,2142240768,423048544256,132481,4 
9.21894788742065,23549,10403,R,2142240768,423048544256,132481,4 
9.26132678985596,23549,10403,R,2142240768,423048544256,132481,4 
9.30367994308472,23549,10403,R,2142240768,423048544256,132481,4 
9.34510397911072,23549,10403,R,2142240768,423048544256,132481,4 
9.38572287559509,23549,10403,R,2142240768,423048544256,132481,4 
9.45989680290222,23549,10403,R,2142240768,423048544256,132481,4 
9.50102281570435,23549,10403,R,2142240768,423048544256,132481,4 
9.5426778793335,23549,10403,R,2142240768,423048544256,132481,4 
9.58444285392761,23549,10403,R,2142240768,423048544256,132481,4 
9.62621188163757,23549,10403,R,2142240768,423048544256,132481,4 
9.66913986206055,23549,10403,R,2142240768,423048544256,132481,4 
9.74830079078674,23549,10403,R,2142240768,423048544256,132481,4 
9.78592801094055,23549,10403,R,2142240768,423048544256,132481,4 
9.82576680183411,23549,10403,R,2142240768,423048544256,132481,4 
9.86354494094849,23549,10403,R,2142240768,423048544256,132481,4 
9.89890193939209,23549,10403,R,2142240768,423048544256,132481,4 
9.93690299987793,23549,10403,R,2142240768,423048544256,132481,4 
9.97400379180908,23549,10403,R,2142240768,423048544256,132481,4 
10.0109419822693,23549,10403,R,2142240768,423048544256,132481,4 
10.0485270023346,23549,10403,R,2142240768,423048544256,132481,4 
10.0842258930206,23549,10403,R,2142240768,423048544256,132481,4 
10.1233608722687,23549,10403,R,2142240768,423048544256,132481,4 
10.162220954895,23549,10403,R,2142240768,423048544256,132481,4 
10.2003347873688,23549,10403,R,2142240768,423048544256,132481,4 
10.2383069992065,23549,10403,R,2142240768,423048544256,132481,4 
10.2751448154449,23549,10403,R,2142240768,423048544256,132481,4 
10.3129169940948,23549,10403,R,2142240768,423048544256,132481,4 
10.3518288135529,23549,10403,R,2142240768,423048544256,132481,4 
10.3884499073029,23549,10403,R,2142240768,423048544256,132481,4 
10.4280288219452,23549,10403,R,2142240768,423048544256,132481,4 
10.4662117958069,23549,10403,R,2142240768,423048544256,132481,4 
10.5060348510742,23549,10403,R,2142240768,423048544256,132481,4 
10.5453507900238,23549,10403,R,2142240768,423048544256,132481,4 
10.5860378742218,23549,10403,R,2142240768,423048544256,132481,4 
10.6252019405365,23549,10403,R,2142240768,423048544256,132481,4 
10.665296792984,23549,10403,R,2142240768,423048544256,132481,4 
10.7037739753723,23549,10403,R,2142240768,423048544256,132481,4 
10.7425208091736,23549,10403,R,2142240768,423048544256,132481,4 
10.7829279899597,23549,10403,R,2142240768,423048544256,132481,4 
10.8219408988953,23549,10403,R,2142240768,423048544256,132481,4 
10.8633379936218,23549,10403,R,2142240768,423048544256,132481,4 
10.9015009403229,23549,10403,R,2142240768,423048544256,132481,4 
10.9419088363647,23549,10403,R,2142240768,423048544256,132481,4 
10.9764559268951,23549,10403,R,2142240768,423048544256,132481,4 
11.0148038864136,23549,10403,R,2142240768,423048544256,132481,4 
11.0537037849426,23549,10403,R,2142240768,423048544256,132481,4 
11.0922539234161,23549,10403,R,2142240768,423048544256,132481,4 
11.1272599697113,23549,10403,R,2142240768,423048544256,132481,4 
11.1650459766388,23549,10403,R,2142240768,423048544256,132481,4 
11.2035369873047,23549,10403,R,2142240768,423048544256,132481,4 
11.252448797226,23549,10403,R,2142240768,423048544256,132481,4 
11.2886798381805,23549,10403,R,2142240768,423048544256,132481,4 
11.3307428359985,23549,10403,R,2142240768,423048544256,132481,4 
11.3692059516907,23549,10403,R,2142240768,423048544256,132481,4 
11.4112389087677,23549,10403,R,2142240768,423048544256,132481,4 
11.450502872467,23549,10403,R,2142240768,423048544256,132481,4 
11.4920508861542,23549,10403,R,2142240768,423048544256,132481,4 
11.5315089225769,23549,10403,R,2142240768,423048544256,132481,4 
11.5675640106201,23549,10403,R,2142240768,423048544256,132481,4 
11.6082580089569,23549,10403,R,2142240768,423048544256,132481,4 
11.646378993988,23549,10403,R,2142240768,423048544256,132481,4 
11.6888449192047,23549,10403,R,2142240768,423048544256,132481,4 
11.7274258136749,23549,10403,R,2142240768,423048544256,132481,4 
11.7704179286957,23549,10403,R,2142240768,423048544256,132481,4 
11.8064019680023,23549,10403,R,2142240768,423048544256,132481,4 
11.8453249931335,23549,10403,R,2142240768,423048544256,132481,4 
11.8813869953156,23549,10403,R,2142240768,423048544256,132481,4 
11.920413017273,23549,10403,R,2142240768,423048544256,132481,4 
11.9588098526001,23549,10403,R,2142240768,423048544256,132481,4 
11.9972050189972,23549,10403,R,2142240768,423048544256,132481,4 
12.0354700088501,23549,10403,R,2142240768,423048544256,132481,4 
12.0748198032379,23549,10403,R,2142240768,423048544256,132481,4 
12.1108078956604,23549,10403,R,2142240768,423048544256,132481,4 
12.1530299186707,23549,10403,R,2142240768,423048544256,132481,4 
12.1933579444885,23549,10403,R,2142240768,423048544256,132481,4 
12.233913898468,23549,10403,R,2142240768,423048544256,132481,4 
12.2762398719788,23549,10403,R,2142240768,423048544256,132481,4 
12.3140108585358,23549,10403,R,2142240768,423048544256,132481,4 
12.355849981308,23549,10403,R,2142240768,423048544256,132481,4 
12.3953719139099,23549,10403,R,2142240768,423048544256,132481,4 
12.4388248920441,23549,10403,R,2142240768,423048544256,132481,4 
12.4778718948364,23549,10403,R,2142240768,423048544256,132481,4 
12.5209457874298,23549,10403,R,2142257152,423048544256,132482,4 
12.5647358894348,23549,10403,R,2142257152,423048544256,132482,4 
12.604238986969,23549,10403,R,2142257152,423048544256,132482,4 
12.647519826889,23549,10403,R,2142257152,423048544256,132482,4 
12.6893010139465,23549,10403,R,2142257152,423048544256,132482,4 
12.7288818359375,23549,10403,R,2142257152,423048544256,132482,4 
12.772442817688,23549,10403,R,2142257152,423048544256,132482,4 
12.8086907863617,23549,10403,R,2142257152,423048544256,132482,4 
12.8933429718018,23549,10403,R,2142257152,423048544256,132482,4 
12.9324498176575,23549,10403,R,2142257152,423048544256,132482,4 
12.9714839458466,23549,10403,R,2142257152,423048544256,132482,4 
13.0073738098145,23549,10403,R,2142257152,423048544256,132482,4 
13.048770904541,23549,10403,R,2142257152,423048544256,132482,4 
13.084981918335,23549,10403,R,2142257152,423048544256,132482,4 
13.1229739189148,23549,10403,R,2142257152,423048544256,132482,4 
13.1594438552856,23549,10403,R,2142257152,423048544256,132482,4 
13.1974740028381,23549,10403,R,2142257152,423048544256,132482,4 
13.2373359203339,23549,10403,R,2142257152,423048544256,132482,4 
13.2803938388824,23549,10403,R,2142257152,423048544256,132482,4 
13.3177919387817,23549,10403,R,2142257152,423048544256,132482,4 
13.3549249172211,23549,10403,R,2142257152,423048544256,132482,4 
13.3957920074463,23549,10403,R,2142257152,423048544256,132482,4 
13.4309167861938,23549,10403,R,2142257152,423048544256,132482,4 
13.4690089225769,23549,10403,R,2142257152,423048544256,132482,4 
13.5078608989716,23549,10403,R,2142257152,423048544256,132482,4 
13.5490918159485,23549,10403,R,2142257152,423048544256,132482,4 
13.5904819965363,23549,10403,R,2142257152,423048544256,132482,4 
13.629056930542,23549,10403,R,2142257152,423048544256,132482,4 
13.6696529388428,23549,10403,R,2142257152,423048544256,132482,4 
13.7056038379669,23549,10403,R,2142257152,423048544256,132482,4 
13.7427859306335,23549,10403,R,2142257152,423048544256,132482,4 
13.7819719314575,23549,10403,R,2142257152,423048544256,132482,4 
13.8239889144897,23549,10403,R,2142257152,423048544256,132482,4 
13.8611807823181,23549,10403,R,2142257152,423048544256,132482,4 
13.9022808074951,23549,10403,R,2142257152,423048544256,132482,4 
13.9429979324341,23549,10403,R,2142257152,423048544256,132482,4 
13.987676858902,23549,10403,R,2142257152,423048544256,132482,4 
14.0294318199158,23549,10403,R,2142257152,423048544256,132482,4 
14.069757938385,23549,10403,R,2142257152,423048544256,132482,4 
14.1172559261322,23549,10403,R,2142257152,423048544256,132482,4 
14.1565809249878,23549,10403,R,2142257152,423048544256,132482,4 
14.2007269859314,23549,10403,R,2142257152,423048544256,132482,4 
14.2404170036316,23549,10403,R,2142257152,423048544256,132482,4 
14.2771689891815,23549,10403,R,2142257152,423048544256,132482,4 
14.3175368309021,23549,10403,R,2142257152,423048544256,132482,4 
14.3595418930054,23549,10403,R,2142257152,423048544256,132482,4 
14.3998048305511,23549,10403,R,2142257152,423048544256,132482,4 
14.4568438529968,23549,10403,R,2142257152,423048544256,132482,4 
14.4937839508057,23549,10403,R,2142257152,423048544256,132482,4 
14.5370469093323,23549,10403,R,2142257152,423048544256,132482,4 
14.5750999450684,23549,10403,R,2142257152,423048544256,132482,4 
14.616593837738,23549,10403,R,2142257152,423048544256,132482,4 
14.657958984375,23549,10403,R,2142257152,423048544256,132482,4 
14.6952788829803,23549,10403,R,2142257152,423048544256,132482,4 
14.738499879837,23549,10403,R,2142257152,423048544256,132482,4 
14.7777090072632,23549,10403,R,2142257152,423048544256,132482,4 
14.8235049247742,23549,10403,R,2142257152,423048544256,132482,4 
14.8689680099487,23549,10403,R,2142257152,423048544256,132482,4 
14.9103758335114,23549,10403,R,2142257152,423048544256,132482,4 
14.9554529190063,23549,10403,R,2142257152,423048544256,132482,4 
14.9945909976959,23549,10403,R,2142257152,423048544256,132482,4 
15.0383429527283,23549,10403,R,2142257152,423048544256,132482,4 
15.0823969841003,23549,10403,R,2142257152,423048544256,132482,4 
15.1199679374695,23549,10403,R,2142257152,423048544256,132482,4 
15.1654078960419,23549,10403,R,2142257152,423048544256,132482,4 
15.2110028266907,23549,10403,R,2142257152,423048544256,132482,4 
15.252504825592,23549,10403,R,2142257152,423048544256,132482,4 
15.2975969314575,23549,10403,R,2142257152,423048544256,132482,4 
15.3379189968109,23549,10403,R,2142257152,423048544256,132482,4 
15.3766579627991,23549,10403,R,2142257152,423048544256,132482,4 
15.4207398891449,23549,10403,R,2142257152,423048544256,132482,4 
15.4626088142395,23549,10403,R,2142257152,423048544256,132482,4 
15.5020368099213,23549,10403,R,2142257152,423048544256,132482,4 
15.5438640117645,23549,10403,R,2142257152,423048544256,132482,4 
15.5804989337921,23549,10403,R,2142257152,423048544256,132482,4 
15.6228458881378,23549,10403,R,2142257152,423048544256,132482,4 
15.6664869785309,23549,10403,R,2142257152,423048544256,132482,4 
15.7048149108887,23549,10403,R,2142257152,423048544256,132482,4 
15.7499649524689,23549,10403,R,2142257152,423048544256,132482,4 
15.8036108016968,23549,10403,R,2142257152,423048544256,132482,4 
15.844438791275,23549,10403,R,2142257152,423048544256,132482,4 
15.8818998336792,23549,10403,R,2142257152,423048544256,132482,4 
15.9215598106384,23549,10403,R,2142257152,423048544256,132482,4 
15.9644939899445,23549,10403,R,2142257152,423048544256,132482,4 
16.0023829936981,23549,10403,R,2142257152,423048544256,132482,4 
16.042906999588,23549,10403,R,2142257152,423048544256,132482,4 
16.0851359367371,23549,10403,R,2142257152,423048544256,132482,4 
16.1274878978729,23549,10403,R,2142257152,423048544256,132482,4 
16.1672768592834,23549,10403,R,2142257152,423048544256,132482,4 
16.2076399326324,23549,10403,R,2142257152,423048544256,132482,4 
16.2474298477173,23549,10403,R,2142257152,423048544256,132482,4 
16.2901599407196,23549,10403,R,2142257152,423048544256,132482,4 
16.333174943924,23549,10403,R,2142257152,423048544256,132482,4 
16.3735179901123,23549,10403,R,2142257152,423048544256,132482,4 
16.4148499965668,23549,10403,R,2142257152,423048544256,132482,4 
16.4568858146667,23549,10403,R,2142257152,423048544256,132482,4 
16.4967429637909,23549,10403,R,2142257152,423048544256,132482,4 
16.5367488861084,23549,10403,R,2142257152,423048544256,132482,4 
16.5751328468323,23549,10403,R,2142257152,423048544256,132482,4 
16.6164019107819,23549,10403,R,2142257152,423048544256,132482,4 
16.6582608222961,23549,10403,R,2142257152,423048544256,132482,4 
16.700945854187,23549,10403,R,2142257152,423048544256,132482,4 
16.7438538074493,23549,10403,R,2142257152,423048544256,132482,4 
16.7847998142242,23549,10403,R,2142257152,423048544256,132482,4 
16.8358609676361,23549,10403,R,2142257152,423048544256,132482,4 
16.8740909099579,23549,10403,R,2142257152,423048544256,132482,4 
16.9136838912964,23549,10403,R,2142257152,423048544256,132482,4 
16.9541838169098,23549,10403,R,2142257152,423048544256,132482,4 
16.9951858520508,23549,10403,R,2142257152,423048544256,132482,4 
17.0377008914948,23549,10403,R,2142257152,423048544256,132482,4 
17.0812299251556,23549,10403,R,2142257152,423048544256,132482,4 
17.1260528564453,23549,10403,R,2142257152,423048544256,132482,4 
17.2046148777008,23549,10403,R,2142257152,423048544256,132482,4 
17.2429809570312,23549,10403,R,2142257152,423048544256,132482,4 
17.2822389602661,23549,10403,R,2142257152,423048544256,132482,4 
17.319620847702,23549,10403,R,2142257152,423048544256,132482,4 
17.3553428649902,23549,10403,R,2142257152,423048544256,132482,4 
17.3926877975464,23549,10403,R,2142257152,423048544256,132482,4 
17.4286968708038,23549,10403,R,2142257152,423048544256,132482,4 
17.4677209854126,23549,10403,R,2142257152,423048544256,132482,4 
17.5074388980865,23549,10403,R,2142257152,423048544256,132482,4 
17.5458908081055,23549,10403,R,2142257152,423048544256,132482,4 
17.5862989425659,23549,10403,R,2142257152,423048544256,132482,4 
17.6250410079956,23549,10403,R,2142257152,423048544256,132482,4 
17.6638798713684,23549,10403,R,2142257152,423048544256,132482,4 
17.7033679485321,23549,10403,R,2142257152,423048544256,132482,4 
17.740208864212,23549,10403,R,2142257152,423048544256,132482,4 
17.7791769504547,23549,10403,R,2142257152,423048544256,132482,4 
17.8148539066315,23549,10403,R,2142257152,423048544256,132482,4 
17.8532359600067,23549,10403,R,2142257152,423048544256,132482,4 
17.8938839435577,23549,10403,R,2142257152,423048544256,132482,4 
17.9291248321533,23549,10403,R,2142257152,423048544256,132482,4 
17.9670789241791,23549,10403,R,2142257152,423048544256,132482,4 
18.0056989192963,23549,10403,R,2142257152,423048544256,132482,4 
18.0477588176727,23549,10403,R,2142257152,423048544256,132482,4 
18.0866179466248,23549,10403,R,2142257152,423048544256,132482,4 
18.127012014389,23549,10403,R,2142257152,423048544256,132482,4 
18.1632378101349,23549,10403,R,2142257152,423048544256,132482,4 
18.2023718357086,23549,10403,R,2142257152,423048544256,132482,4 
18.2384970188141,23549,10403,R,2142257152,423048544256,132482,4 
18.2767629623413,23549,10403,R,2142257152,423048544256,132482,4 
18.3168449401855,23549,10403,R,2142257152,423048544256,132482,4 
18.3557579517365,23549,10403,R,2142257152,423048544256,132482,4 
18.3960177898407,23549,10403,R,2142257152,423048544256,132482,4 
18.4348888397217,23549,10403,R,2142257152,423048544256,132482,4 
18.4766058921814,23549,10403,R,2142257152,423048544256,132482,4 
18.5154209136963,23549,10403,R,2142257152,423048544256,132482,4 
18.568393945694,23549,10403,R,2142257152,423048544256,132482,4 
18.6066699028015,23549,10403,R,2142257152,423048544256,132482,4 
18.6494319438934,23549,10403,R,2142257152,423048544256,132482,4 
18.6885898113251,23549,10403,R,2142257152,423048544256,132482,4 
18.7291009426117,23549,10403,R,2142257152,423048544256,132482,4 
18.7667219638824,23549,10403,R,2142257152,423048544256,132482,4 
18.8038549423218,23549,10403,R,2142257152,423048544256,132482,4 
18.8462698459625,23549,10403,R,2142257152,423048544256,132482,4 
18.8855438232422,23549,10403,R,2142257152,423048544256,132482,4 
18.9271748065948,23549,10403,R,2142257152,423048544256,132482,4 
18.9634249210358,23549,10403,R,2142257152,423048544256,132482,4 
19.0028398036957,23549,10403,R,2142257152,423048544256,132482,4 
19.0385098457336,23549,10403,R,2142257152,423048544256,132482,4 
19.0817158222198,23549,10403,R,2142257152,423048544256,132482,4 
19.1236608028412,23549,10403,R,2142257152,423048544256,132482,4 
19.1678538322449,23549,10403,R,2142257152,423048544256,132482,4 
19.2064728736877,23549,10403,R,2142257152,423048544256,132482,4 
19.2491979598999,23549,10403,R,2142257152,423048544256,132482,4 
19.2865519523621,23549,10403,R,2142257152,423048544256,132482,4 
19.3265018463135,23549,10403,R,2142257152,423048544256,132482,4 
19.3618259429932,23549,10403,R,2142257152,423048544256,132482,4 
19.4022209644318,23549,10403,R,2142257152,423048544256,132482,4 
19.437362909317,23549,10403,R,2142257152,423048544256,132482,4 
19.4795589447021,23549,10403,R,2142257152,423048544256,132482,4 
19.5187799930573,23549,10403,R,2142257152,423048544256,132482,4 
19.5616478919983,23549,10403,R,2142257152,423048544256,132482,4 
19.6006669998169,23549,10403,R,2142257152,423048544256,132482,4 
19.6425919532776,23549,10403,R,2142257152,423048544256,132482,4 
19.6826138496399,23549,10403,R,2142257152,423048544256,132482,4 
19.7257099151611,23549,10403,R,2142257152,423048544256,132482,4 
19.7651958465576,23549,10403,R,2142257152,423048544256,132482,4 
19.8012669086456,23549,10403,R,2142257152,423048544256,132482,4 
19.8416140079498,23549,10403,R,2142257152,423048544256,132482,4 
19.8810160160065,23549,10403,R,2142257152,423048544256,132482,4 
19.9233808517456,23549,10403,R,2142257152,423048544256,132482,4 
19.965803861618,23549,10403,R,2142257152,423048544256,132482,4 
20.0051348209381,23549,10403,R,2142257152,423048544256,132482,4 
20.0460329055786,23549,10403,R,2142257152,423048544256,132482,4 
20.0860137939453,23549,10403,R,2142257152,423048544256,132482,4 
20.1320288181305,23549,10403,R,2142257152,423048544256,132482,4 
20.2101948261261,23549,10403,R,2142257152,423048544256,132482,4 
20.2486209869385,23549,10403,R,2142257152,423048544256,132482,4 
20.2905778884888,23549,10403,R,2142257152,423048544256,132482,4 
20.3300039768219,23549,10403,R,2142257152,423048544256,132482,4 
20.3690178394318,23549,10403,R,2142257152,423048544256,132482,4 
20.4093949794769,23549,10403,R,2142257152,423048544256,132482,4 
20.4474239349365,23549,10403,R,2142257152,423048544256,132482,4 
20.4884798526764,23549,10403,R,2142257152,423048544256,132482,4 
20.5230050086975,23549,10403,R,2142257152,423048544256,132482,4 
20.5613219738007,23549,10403,R,2142257152,423048544256,132482,4 
20.5986459255219,23549,10403,R,2142257152,423048544256,132482,4 
20.6353399753571,23549,10403,R,2142257152,423048544256,132482,4 
20.6707289218903,23549,10403,R,2142257152,423048544256,132482,4 
20.7082059383392,23549,10403,R,2142257152,423048544256,132482,4 
20.7438077926636,23549,10403,R,2142257152,423048544256,132482,4 
20.7826058864594,23549,10403,R,2142257152,423048544256,132482,4 
20.8198809623718,23549,10403,R,2142257152,423048544256,132482,4 
20.8576018810272,23549,10403,R,2142257152,423048544256,132482,4 
20.8970308303833,23549,10403,R,2142257152,423048544256,132482,4 
20.9367978572845,23549,10403,R,2142257152,423048544256,132482,4 
20.9742379188538,23549,10403,R,2142257152,423048544256,132482,4 
21.0151917934418,23549,10403,R,2142257152,423048544256,132482,4 
21.0532548427582,23549,10403,R,2142257152,423048544256,132482,4 
21.0914778709412,23549,10403,R,2142257152,423048544256,132482,4 
21.124755859375,23549,10403,R,2142257152,423048544256,132482,4 
21.1630508899689,23549,10403,R,2142257152,423048544256,132482,4 
21.2027838230133,23549,10403,R,2142257152,423048544256,132482,4 
21.2358248233795,23549,10403,R,2142257152,423048544256,132482,4 
21.2733688354492,23549,10403,R,2142257152,423048544256,132482,4 
21.3134708404541,23549,10403,R,2142257152,423048544256,132482,4 
21.3554019927979,23549,10403,R,2142257152,423048544256,132482,4 
21.3948400020599,23549,10403,R,2142257152,423048544256,132482,4 
21.4319818019867,23549,10403,R,2142257152,423048544256,132482,4 
21.4721419811249,23549,10403,R,2142257152,423048544256,132482,4 
21.5118389129639,23549,10403,R,2142257152,423048544256,132482,4 
21.5515220165253,23549,10403,R,2142257152,423048544256,132482,4 
21.5931689739227,23549,10403,R,2142257152,423048544256,132482,4 
21.6311597824097,23549,10403,R,2142257152,423048544256,132482,4 
21.6737179756165,23549,10403,R,2142257152,423048544256,132482,4 
21.7271809577942,23549,10403,R,2142257152,423048544256,132482,4 
21.7674717903137,23549,10403,R,2142257152,423048544256,132482,4 
21.809238910675,23549,10403,R,2142257152,423048544256,132482,4 
21.8478209972382,23549,10403,R,2142257152,423048544256,132482,4 
21.8888909816742,23549,10403,R,2142257152,423048544256,132482,4 
21.9271769523621,23549,10403,R,2142257152,423048544256,132482,4 
21.9660928249359,23549,10403,R,2142257152,423048544256,132482,4 
22.0023169517517,23549,10403,R,2142257152,423048544256,132482,4 
22.0431749820709,23549,10403,R,2142257152,423048544256,132482,4 
22.0845677852631,23549,10403,R,2142257152,423048544256,132482,4 
22.1219148635864,23549,10403,R,2142257152,423048544256,132482,4 
22.1619348526001,23549,10403,R,2142257152,423048544256,132482,4 
22.1988198757172,23549,10403,R,2142257152,423048544256,132482,4 
22.2351989746094,23549,10403,R,2142257152,423048544256,132482,4 
22.2746498584747,23549,10403,R,2142257152,423048544256,132482,4 
22.3124628067017,23549,10403,R,2142257152,423048544256,132482,4 
22.3561458587646,23549,10403,R,2142257152,423048544256,132482,4 
22.3965339660645,23549,10403,R,2142257152,423048544256,132482,4 
22.4364738464355,23549,10403,R,2142257152,423048544256,132482,4 
22.4758188724518,23549,10403,R,2142257152,423048544256,132482,4 
22.513466835022,23549,10403,R,2142257152,423048544256,132482,4 
22.5565888881683,23549,10403,R,2142257152,423048544256,132482,4 
22.5992028713226,23549,10403,R,2142257152,423048544256,132482,4 
22.6401679515839,23549,10403,R,2142257152,423048544256,132482,4 
22.6802499294281,23549,10403,R,2142257152,423048544256,132482,4 
22.7241640090942,23549,10403,R,2142257152,423048544256,132482,4 
22.7662098407745,23549,10403,R,2142257152,423048544256,132482,4 
22.8053178787231,23549,10403,R,2142257152,423048544256,132482,4 
22.846156835556,23549,10403,R,2142257152,423048544256,132482,4 
22.887081861496,23549,10403,R,2142257152,423048544256,132482,4 
22.9294919967651,23549,10403,R,2142257152,423048544256,132482,4 
22.969043970108,23549,10403,R,2142257152,423048544256,132482,4 
23.0103459358215,23549,10403,R,2142257152,423048544256,132482,4 
23.0626637935638,23549,10403,R,2142257152,423048544256,132482,4 
23.1041398048401,23549,10403,R,2142257152,423048544256,132482,4 
23.1445868015289,23549,10403,R,2142257152,423048544256,132482,4 
23.1880338191986,23549,10403,R,2142257152,423048544256,132482,4 
23.2285859584808,23549,10403,R,2142257152,423048544256,132482,4 
23.2693028450012,23549,10403,R,2142257152,423048544256,132482,4 
23.3083598613739,23549,10403,R,2142257152,423048544256,132482,4 
23.3505058288574,23549,10403,R,2142257152,423048544256,132482,4 
23.3925819396973,23549,10403,R,2142257152,423048544256,132482,4 
23.4349808692932,23549,10403,R,2142257152,423048544256,132482,4 
23.4732148647308,23549,10403,R,2142257152,423048544256,132482,4 
23.5164139270782,23549,10403,R,2142257152,423048544256,132482,4 
23.556746006012,23549,10403,R,2142257152,423048544256,132482,4 
23.5998659133911,23549,10403,R,2142257152,423048544256,132482,4 
23.6416049003601,23549,10403,R,2142257152,423048544256,132482,4 
23.6812119483948,23549,10403,R,2142257152,423048544256,132482,4 
23.7250158786774,23549,10403,R,2142257152,423048544256,132482,4 
23.7669348716736,23549,10403,R,2142257152,423048544256,132482,4 
23.804780960083,23549,10403,R,2142257152,423048544256,132482,4 
23.8442068099976,23549,10403,R,2142257152,423048544256,132482,4 
23.881649017334,23549,10403,R,2142257152,423048544256,132482,4 
23.9203588962555,23549,10403,R,2142257152,423048544256,132482,4 
23.9600958824158,23549,10403,R,2142257152,423048544256,132482,4 
24.0002248287201,23549,10403,R,2142257152,423048544256,132482,4 
24.0411839485168,23549,10403,R,2142257152,423048544256,132482,4 
24.0925688743591,23549,10403,R,2142257152,423048544256,132482,4 
24.1434738636017,23549,10403,R,2142257152,423048544256,132482,4 
24.1838088035583,23549,10403,R,2142257152,423048544256,132482,4 
24.2245140075684,23549,10403,R,2142257152,423048544256,132482,4 
24.2618010044098,23549,10403,R,2142257152,423048544256,132482,4 
24.3021287918091,23549,10403,R,2142257152,423048544256,132482,4 
24.344673871994,23549,10403,R,2142257152,423048544256,132482,4 
24.3889629840851,23549,10403,R,2142257152,423048544256,132482,4 
24.4862267971039,23549,10403,R,2142257152,423048544256,132482,4 
24.526556968689,23549,10403,R,2142257152,423048544256,132482,4 
24.5631718635559,23549,10403,R,2142257152,423048544256,132482,4 
24.6007449626923,23549,10403,R,2142257152,423048544256,132482,4 
24.6383249759674,23549,10403,R,2142257152,423048544256,132482,4 
24.6778039932251,23549,10403,R,2142257152,423048544256,132482,4 
24.7125098705292,23549,10403,R,2142257152,423048544256,132482,4 
24.7490718364716,23549,10403,R,2142257152,423048544256,132482,4 
24.7876498699188,23549,10403,R,2142257152,423048544256,132482,4 
24.8251597881317,23549,10403,R,2142257152,423048544256,132482,4 
24.8642268180847,23549,10403,R,2142257152,423048544256,132482,4 
24.9020519256592,23549,10403,R,2142257152,423048544256,132482,4 
24.9405748844147,23549,10403,R,2142257152,423048544256,132482,4 
24.9805288314819,23549,10403,R,2142257152,423048544256,132482,4 
25.0190329551697,23549,10403,R,2142257152,423048544256,132482,4 
25.0590858459473,23549,10403,R,2142257152,423048544256,132482,4 
25.09716796875,23549,10403,R,2142257152,423048544256,132482,4 
25.1354429721832,23549,10403,R,2142257152,423048544256,132482,4 
25.1744818687439,23549,10403,R,2142257152,423048544256,132482,4 
25.2124919891357,23549,10403,R,2142257152,423048544256,132482,4 
25.2521369457245,23549,10403,R,2142257152,423048544256,132482,4 
25.2901039123535,23549,10403,R,2142257152,423048544256,132482,4 
25.3290629386902,23549,10403,R,2142257152,423048544256,132482,4 
25.3670868873596,23549,10403,R,2142257152,423048544256,132482,4 
25.4069609642029,23549,10403,R,2142257152,423048544256,132482,4 
25.4449758529663,23549,10403,R,2142257152,423048544256,132482,4 
25.4848318099976,23549,10403,R,2142257152,423048544256,132482,4 
25.5221359729767,23549,10403,R,2143551488,423191150592,132561,4 
25.5599830150604,23549,10403,R,2143584256,423191150592,132563,4 
25.599907875061,23549,10403,R,2143584256,423191150592,132563,4 
25.6381328105927,23549,10403,R,2143584256,423191150592,132563,4 
25.6778697967529,23549,10403,R,2143584256,423191150592,132563,4 
25.7149269580841,23549,10403,R,2143584256,423191150592,132563,4 
25.755001783371,23549,10403,R,2143584256,423191150592,132563,4 
25.7932798862457,23549,10403,R,2143584256,423191150592,132563,4 
25.8425250053406,23549,10403,R,2143584256,423191150592,132563,4 
25.8801429271698,23549,10403,R,2143584256,423191150592,132563,4 
25.9198179244995,23549,10403,R,2143584256,423191150592,132563,4 
25.9584498405457,23549,10403,R,2143584256,423191150592,132563,4 
25.998706817627,23549,10403,R,2143584256,423191150592,132563,4 
26.0366959571838,23549,10403,R,2143584256,423191150592,132563,4 
26.0738418102264,23549,10403,R,2143584256,423191150592,132563,4 
26.1144487857819,23549,10403,R,2143584256,423191150592,132563,4 
26.1527547836304,23549,10403,R,2143584256,423191150592,132563,4 
26.193265914917,23549,10403,R,2143584256,423191150592,132563,4 
26.2310719490051,23549,10403,R,2143584256,423191150592,132563,4 
26.2704169750214,23549,10403,R,2143584256,423191150592,132563,4 
26.308632850647,23549,10403,R,2143584256,423191150592,132563,4 
26.3492889404297,23549,10403,R,2143584256,423191150592,132563,4 
26.387925863266,23549,10403,R,2143584256,423191150592,132563,4 
26.4297587871552,23549,10403,R,2143584256,423191150592,132563,4 
26.4679398536682,23549,10403,R,2143584256,423191150592,132563,4 
26.5091679096222,23549,10403,R,2143584256,423191150592,132563,4 
26.5472497940063,23549,10403,R,2143584256,423191150592,132563,4 
26.5884230136871,23549,10403,R,2143584256,423191150592,132563,4 
26.6258499622345,23549,10403,R,2143584256,423191150592,132563,4 
26.6665878295898,23549,10403,R,2143584256,423191150592,132563,4 
26.7048277854919,23549,10403,R,2143584256,423191150592,132563,4 
26.7457678318024,23549,10403,R,2143584256,423191150592,132563,4 
26.7834718227386,23549,10403,R,2143584256,423191150592,132563,4 
26.8237998485565,23549,10403,R,2143584256,423191150592,132563,4 
26.8619108200073,23549,10403,R,2143584256,423191150592,132563,4 
26.9028959274292,23549,10403,R,2143584256,423191150592,132563,4 
26.9429848194122,23549,10403,R,2145157120,423191150592,132659,4 
26.9815948009491,23549,10403,R,2145157120,423191150592,132659,4 
27.0225298404694,23549,10403,R,2145157120,423191150592,132659,4 
27.0611147880554,23549,10403,R,2145157120,423191150592,132659,4 
27.1037168502808,23549,10403,R,2145157120,423191150592,132659,4 
27.1413109302521,23549,10403,R,2145157120,423191150592,132659,4 
27.1834218502045,23549,10403,R,2145157120,423191150592,132659,4 
27.2250609397888,23549,10403,R,2145157120,423191150592,132659,4 
27.2632989883423,23549,10403,R,2145157120,423191150592,132659,4 
27.3043878078461,23549,10403,R,2145157120,423191150592,132659,4 
27.3418288230896,23549,10403,R,2145157120,423191150592,132659,4 
27.3840370178223,23549,10403,R,2145157120,423191150592,132659,4 
27.4570229053497,23549,10403,R,2145157120,423191150592,132659,4 
27.4940760135651,23549,10403,R,2145157120,423191150592,132659,4 
27.5333878993988,23549,10403,R,2145157120,423191150592,132659,4 
27.5715339183807,23549,10403,R,2145157120,423191150592,132659,4 
27.6094529628754,23549,10403,R,2145157120,423191150592,132659,4 
27.6493308544159,23549,10403,R,2145157120,423191150592,132659,4 
27.6873528957367,23549,10403,R,2145157120,423191150592,132659,4 
27.7274258136749,23549,10403,R,2145157120,423191150592,132659,4 
27.7654509544373,23549,10403,R,2145157120,423191150592,132659,4 
27.8058249950409,23549,10403,R,2145157120,423191150592,132659,4 
27.8433139324188,23549,10403,R,2145157120,423191150592,132659,4 
27.8826839923859,23549,10403,R,2145157120,423191150592,132659,4 
27.9203579425812,23549,10403,R,2145157120,423191150592,132659,4 
27.9596908092499,23549,10403,R,2145157120,423191150592,132659,4 
27.9970707893372,23549,10403,R,2145157120,423191150592,132659,4 
28.0359418392181,23549,10403,R,2145157120,423191150592,132659,4 
28.0737178325653,23549,10403,R,2145157120,423191150592,132659,4 
28.1132040023804,23549,10403,R,2145157120,423191150592,132659,4 
28.1509668827057,23549,10403,R,2145157120,423191150592,132659,4 
28.1898438930511,23549,10403,R,2145206272,423192199168,132662,4 
28.2280278205872,23549,10403,R,2145206272,423192199168,132662,4 
28.2681269645691,23549,10403,R,2148417536,423192199168,132858,4 
28.306070804596,23549,10403,R,2148417536,423192199168,132858,4 
28.3451960086823,23549,10403,R,2148417536,423192199168,132858,4 
28.3827509880066,23549,10403,R,2148417536,423192199168,132858,4 
28.4230208396912,23549,10403,R,2148417536,423192199168,132858,4 
28.4631328582764,23549,10403,R,2148417536,423192199168,132858,4 
28.5007238388062,23549,10403,R,2148417536,423192199168,132858,4 
28.5396540164948,23549,10403,R,2148417536,423192199168,132858,4 
28.5775787830353,23549,10403,R,2148417536,423192199168,132858,4 
28.6184818744659,23549,10403,R,2148433920,423192199168,132865,4 
28.6566679477692,23549,10403,R,2148433920,423192199168,132865,4 
28.6959879398346,23549,10403,R,2148433920,423192199168,132865,4 
28.7363438606262,23549,10403,R,2148433920,423192199168,132865,4 
28.7742869853973,23549,10403,R,2148433920,423192199168,132865,4 
28.8154418468475,23549,10403,R,2148433920,423192199168,132865,4 
28.8551979064941,23549,10403,R,2148433920,423192199168,132865,4 
28.8927547931671,23549,10403,R,2148433920,423192199168,132865,4 
28.9333329200745,23549,10403,R,2148433920,423192199168,132865,4 
28.983678817749,23549,10403,R,2148433920,423192199168,132865,4 
29.0229618549347,23549,10403,R,2148433920,423192199168,132865,4 
29.0636579990387,23549,10403,R,2148466688,423193247744,132867,4 
29.1020050048828,23549,10403,R,2148466688,423193247744,132867,4 
29.1496739387512,23549,10403,R,2148466688,423193247744,132867,4 
29.1870748996735,23549,10403,R,2148466688,423193247744,132867,4 
29.2272408008575,23549,10403,R,2148466688,423193247744,132867,4 
29.2653818130493,23549,10403,R,2148466688,423193247744,132867,4 
29.3062429428101,23549,10403,R,2148466688,423193247744,132867,4 
29.3464958667755,23549,10403,R,2148466688,423193247744,132867,4 
29.3847558498383,23549,10403,R,2148466688,423193247744,132867,4 
29.4261519908905,23549,10403,R,2148466688,423193247744,132867,4 
29.4646699428558,23549,10403,R,2148483072,423193247744,132874,4 
29.5059428215027,23549,10403,R,2148483072,423193247744,132874,4 
29.5465137958527,23549,10403,R,2148483072,423193247744,132874,4 
29.5850338935852,23549,10403,R,2148483072,423193247744,132874,4 
29.6266238689423,23549,10403,R,2148483072,423193247744,132874,4 
29.6650748252869,23549,10403,R,2148483072,423193247744,132874,4 
29.7054538726807,23549,10403,R,2148483072,423193247744,132874,4 
29.7464728355408,23549,10403,R,2148483072,423193247744,132874,4 
29.7848038673401,23549,10403,R,2148483072,423193247744,132874,4 
29.8266408443451,23549,10403,R,2148483072,423193247744,132874,4 
29.8670589923859,23549,10403,R,2148483072,423193247744,132874,4 
29.9079129695892,23549,10403,R,2149384192,423193247744,132929,4 
29.9468419551849,23549,10403,R,2149384192,423193247744,132929,4 
29.9880938529968,23549,10403,R,2149384192,423193247744,132929,4 
30.0286018848419,23549,10403,R,2149384192,423193247744,132929,4 
30.0671927928925,23549,10403,R,2149384192,423193247744,132929,4 
